transaction_id,client_id,order_ts,revenue,items_count,session_id,marketing_source,utm_source,utm_medium,utm_campaign,ref_domain,device_type
ORD-20250223-112,1740229091-LgTZGGMFMzzz,2025-02-23 12:54:35.166000+00:00,1449.0,1,1740229091-LgTZGGMFMzzz-1,direct,,,,,desktop
ORD-20250223-121,1740330024-fdYFQVY4vQpJ,2025-02-23 17:11:39.130000+00:00,245.0,1,1740330024-fdYFQVY4vQpJ-1,direct,,,,,mobile
ORD-20250223-124,1735590428-Rw8e53NUAyqh,2025-02-23 11:01:15.499000+00:00,179.0,1,1735590428-Rw8e53NUAyqh-1,direct,,,,,desktop
ORD-20250223-143,1740318134-170n169CRst0,2025-02-23 13:58:37.029000+00:00,2299.0,1,1740318134-170n169CRst0-1,direct,,,,,mobile
ORD-20250223-188,1740353042-u00VNVwShqi7,2025-02-23 23:56:31.157000+00:00,262.0,1,1740353042-u00VNVwShqi7-1,internal,,,,puffy.com,desktop
ORD-20250223-235,1740322032-MGz2QlNnmLit,2025-02-23 14:48:43.525000+00:00,102.0,1,1740322032-MGz2QlNnmLit-1,direct,,,,,mobile
ORD-20250223-236,1740274368-gufFljcekA4a,2025-02-23 22:55:28.267000+00:00,2599.0,1,1740274368-gufFljcekA4a-2,other_referrer,,,,source-ee658ef2.com,desktop
ORD-20250223-250,1738114715-VE0OVI-6MY_q,2025-02-23 02:21:03.443000+00:00,1277.0,2,1738114715-VE0OVI-6MY_q-1,other_referrer,,,,source-ee658ef2.com,mobile
ORD-20250223-281,1740268999-k1PQxqt-fODp,2025-02-23 00:06:46.544000+00:00,245.0,1,1740268999-k1PQxqt-fODp-1,direct,,,,,mobile
ORD-20250223-339,1740280410-ag6Ycljew8aX,2025-02-23 03:34:08.434000+00:00,211.0,1,1740280410-ag6Ycljew8aX-1,direct,,,,,desktop
ORD-20250223-391,1740324475-gzFxid7EI98q,2025-02-23 22:13:14.482000+00:00,1449.0,1,1740324475-gzFxid7EI98q-2,direct,,,,,mobile
ORD-20250223-393,1740227694-HVyCbgs6JGs1,2025-02-23 17:16:26.941000+00:00,307.0,2,1740227694-HVyCbgs6JGs1-1,internal,,,,puffy.com,mobile
ORD-20250223-402,1740280302-XHcA-M3fnqtc,2025-02-23 03:19:00.576000+00:00,245.0,1,1740280302-XHcA-M3fnqtc-1,internal,,,,puffy.com,mobile
ORD-20250223-411,1740331321-r0oNQ2MSMJj1,2025-02-23 17:30:16.454000+00:00,1349.0,1,1740331321-r0oNQ2MSMJj1-1,internal,,,,puffy.com,desktop
ORD-20250223-473,1740273313-tBmCvzjnRa1M,2025-02-23 01:57:54.532000+00:00,2128.0,3,1740273313-tBmCvzjnRa1M-1,internal,,,,puffy.com,desktop
ORD-20250223-488,1740285929-kNhpxwGWo7u3,2025-02-23 04:51:22.948000+00:00,1599.0,1,1740285929-kNhpxwGWo7u3-1,internal,,,,puffy.com,mobile
ORD-20250223-496,1740319142-0cGR9mXrgY7a,2025-02-23 14:04:20.132000+00:00,499.0,1,1740319142-0cGR9mXrgY7a-1,direct,,,,,mobile
ORD-20250223-633,1740354432-siarlMkZUacD,2025-02-23 23:56:32.123000+00:00,949.0,1,1740354432-siarlMkZUacD-1,internal,,,,puffy.com,mobile
ORD-20250223-648,1740283703-BeA3uOhllnoW,2025-02-23 21:40:22.505000+00:00,2549.0,1,1740283703-BeA3uOhllnoW-3,direct,,,,,mobile
ORD-20250223-668,1738897592-wHdPs3e8dycN,2025-02-23 16:33:13.884000+00:00,262.0,1,1738897592-wHdPs3e8dycN-1,internal,,,,puffy.com,desktop
ORD-20250223-823,1737909439-m_4_M4HT3Clc,2025-02-23 20:00:44.784000+00:00,204.0,1,1737909439-m_4_M4HT3Clc-1,direct,,,,,desktop
ORD-20250224-102,1740239035-tdqLa5Lrkuy-,2025-02-24 01:05:06.086000+00:00,262.0,1,1740239035-tdqLa5Lrkuy--1,direct,,,,,mobile
ORD-20250224-110,1740375905-ogainOy22IfS,2025-02-24 06:03:18.403000+00:00,1899.0,1,1740375905-ogainOy22IfS-1,internal,,,,puffy.com,desktop
ORD-20250224-122,1740401153-lr8JFh8YtfIT,2025-02-24 13:01:07.407000+00:00,799.0,1,1740401153-lr8JFh8YtfIT-1,direct,,,,,mobile
ORD-20250224-182,1740357638-9tfvOEhPzURB,2025-02-24 00:43:36.267000+00:00,127.0,1,1740357638-9tfvOEhPzURB-1,direct,,,,,mobile
ORD-20250224-203,1740435624-t7_Lldpg-gJE,2025-02-24 22:50:20.255000+00:00,245.0,1,1740435624-t7_Lldpg-gJE-1,internal,,,,puffy.com,mobile
ORD-20250224-227,1740404510-RR2JJVeKrqEa,2025-02-24 13:44:44.348000+00:00,0.0,1,1740404510-RR2JJVeKrqEa-1,internal,,,,puffy.com,mobile
ORD-20250224-231,1736790828-mW3_FOMhXHNK,2025-02-24 13:57:51.139000+00:00,1349.0,1,1736790828-mW3_FOMhXHNK-1,direct,,,,,mobile
ORD-20250224-233,1740327276-e965nL-38xWN,2025-02-24 19:37:33.466000+00:00,799.0,1,1740327276-e965nL-38xWN-3,internal,,,,puffy.com,mobile
ORD-20250224-242,1740375050-XlC0gkccY9RX,2025-02-24 19:58:31.659000+00:00,399.0,2,1740375050-XlC0gkccY9RX-2,internal,,,,puffy.com,desktop
ORD-20250224-248,1740416598-nykttCSDtxUO,2025-02-24 17:05:19.472000+00:00,899.0,1,1740416598-nykttCSDtxUO-1,internal,,,,puffy.com,mobile
ORD-20250224-272,1740422911-uSQmp4BHfUNc,2025-02-24 18:57:34.771000+00:00,799.0,1,1740422911-uSQmp4BHfUNc-1,direct,,,,,desktop
ORD-20250224-298,1740153262-W9ba7W8Fyqbj,2025-02-24 20:36:50.936000+00:00,262.0,1,1740153262-W9ba7W8Fyqbj-1,direct,,,,,desktop
ORD-20250224-315,1740419966-ekW7LffQY_mQ,2025-02-24 18:06:11.146000+00:00,1399.0,1,1740419966-ekW7LffQY_mQ-1,other_referrer,,,,source-ee658ef2.com,mobile
ORD-20250224-318,1740435501-V9T5cBuBY-0p,2025-02-24 22:19:17.348000+00:00,179.0,1,1740435501-V9T5cBuBY-0p-1,internal,,,,puffy.com,mobile
ORD-20250224-333,1740416131-ALCfOgIbMQtB,2025-02-24 17:56:28.237000+00:00,3233.0,2,1740416131-ALCfOgIbMQtB-1,direct,,,,,desktop
ORD-20250224-346,1739925043-1AUsr0ad1DEH,2025-02-24 23:47:15.549000+00:00,3149.0,1,1739925043-1AUsr0ad1DEH-1,direct,,,,,mobile
ORD-20250224-361,1740394685-BMUHlEYXGIsS,2025-02-24 22:13:27.886000+00:00,2149.0,1,1740394685-BMUHlEYXGIsS-2,direct,,,,,mobile
ORD-20250224-363,1740268999-k1PQxqt-fODp,2025-02-24 00:11:39.067000+00:00,245.0,1,1740268999-k1PQxqt-fODp-2,direct,,,,,mobile
ORD-20250224-379,1740354406-05uJBqjzNLCr,2025-02-24 00:01:10.768000+00:00,349.0,1,1740354406-05uJBqjzNLCr-1,direct,,,,,desktop
ORD-20250224-382,1740410100-6Pc-00Mf6SHj,2025-02-24 21:54:40.894000+00:00,421.6,1,1740410100-6Pc-00Mf6SHj-1,other_referrer,,,,source-ee658ef2.com,mobile
ORD-20250224-395,1740388834-Se_QNh_trw4d,2025-02-24 09:38:03.268000+00:00,1399.0,1,1740388834-Se_QNh_trw4d-1,other_referrer,,,,source-ee658ef2.com,mobile
ORD-20250224-404,1739902113-HUVj8CdYF8It,2025-02-24 19:13:25.980000+00:00,1249.0,1,1739902113-HUVj8CdYF8It-1,internal,,,,puffy.com,mobile
ORD-20250224-411,1740361226-rivvi4JqPuzY,2025-02-24 01:46:04.380000+00:00,499.0,1,1740361226-rivvi4JqPuzY-1,direct,,,,,mobile
ORD-20250224-431,1740426329-uHYSiBnw3oSI,2025-02-24 19:52:02.049000+00:00,649.0,1,1740426329-uHYSiBnw3oSI-1,direct,,,,,mobile
ORD-20250224-958,1740435325-OQW2KrRz-f87,2025-02-24 22:19:10.302000+00:00,1099.0,1,1740435325-OQW2KrRz-f87-1,direct,,,,,mobile
ORD-20250224-959,1740367034-S45_sOx0uTdt,2025-02-24 03:37:53.404000+00:00,1599.0,1,1740367034-S45_sOx0uTdt-1,other_referrer,,,,source-ee658ef2.com,mobile
ORD-20250225-118,1740509552-1fvZUL45Eik0,2025-02-25 18:59:07.840000+00:00,1249.0,1,1740509552-1fvZUL45Eik0-1,internal,,,,puffy.com,mobile
ORD-20250225-155,1740463769-CXbM4e_bRw6w,2025-02-25 06:12:15.255000+00:00,228.0,1,1740463769-CXbM4e_bRw6w-1,internal,,,,puffy.com,mobile
ORD-20250225-168,1736790828-mW3_FOMhXHNK,2025-02-25 14:40:29.060000+00:00,307.0,2,1736790828-mW3_FOMhXHNK-2,direct,,,,,mobile
ORD-20250225-215,1740425024-qu9BNEPk5H34,2025-02-25 00:43:47.149000+00:00,1778.0,2,1740425024-qu9BNEPk5H34-2,direct,,,,,mobile
ORD-20250225-246,1740235155-Iyyo-PYeYrfN,2025-02-25 13:28:11.878000+00:00,0.0,1,1740235155-Iyyo-PYeYrfN-2,direct,,,,,desktop
ORD-20250225-248,1740496096-PCvDM8hAj5vv,2025-02-25 15:13:19.040000+00:00,262.0,1,1740496096-PCvDM8hAj5vv-1,internal,,,,puffy.com,desktop
ORD-20250225-265,1738458171-9vJJikpUTOb1,2025-02-25 22:23:34.816000+00:00,262.0,1,1738458171-9vJJikpUTOb1-2,direct,,,,,mobile
ORD-20250225-279,1740342213-wO7WjZIoZlw2,2025-02-25 03:09:02.092000+00:00,245.0,1,1740342213-wO7WjZIoZlw2-2,internal,,,,puffy.com,desktop
ORD-20250225-331,1740507907-PhSXNJEFjJgi,2025-02-25 18:35:33.867000+00:00,1449.0,1,1740507907-PhSXNJEFjJgi-1,direct,,,,,desktop
ORD-20250225-346,1740500274-pZRMdhL7Oatk,2025-02-25 16:21:26.313000+00:00,490.0,2,1740500274-pZRMdhL7Oatk-1,direct,,,,,desktop
ORD-20250225-388,1740420503-CDX4af0XJcby,2025-02-25 21:08:26.555000+00:00,179.0,1,1740420503-CDX4af0XJcby-2,direct,,,,,mobile
ORD-20250225-416,1740491267-r8TbUuojnRze,2025-02-25 14:41:09.049000+00:00,799.0,1,1740491267-r8TbUuojnRze-1,internal,,,,puffy.com,desktop
ORD-20250225-511,1740420503-CDX4af0XJcby,2025-02-25 20:54:15.763000+00:00,4248.0,2,1740420503-CDX4af0XJcby-2,other_referrer,,,,source-ee658ef2.com,mobile
ORD-20250225-783,1737213027-8b0K2x6ACOek,2025-02-25 21:18:40.823000+00:00,899.0,1,1737213027-8b0K2x6ACOek-1,direct,,,,,mobile
ORD-20250225-793,1740470958-7WS5qDFDlXSX,2025-02-25 18:57:50.317000+00:00,349.0,1,1740470958-7WS5qDFDlXSX-1,direct,,,,,mobile
ORD-20250225-960,1739632959-3UuM3WM5LiF_,2025-02-25 02:38:54.286000+00:00,799.0,1,1739632959-3UuM3WM5LiF_-2,internal,,,,puffy.com,mobile
ORD-20250226-138,16C594DF-8deb-4DAB-b767-efc3b82360e6,2025-02-26 22:46:57.087000+00:00,1599.0,1,16C594DF-8deb-4DAB-b767-efc3b82360e6-1,direct,,,,,mobile
ORD-20250226-142,1739169598-7sjOuU60Y6Eo,2025-02-26 07:25:37.872000+00:00,1427.0,2,1739169598-7sjOuU60Y6Eo-3,internal,,,,puffy.com,mobile
ORD-20250226-147,1740533061-59GXKhAICVW9,2025-02-26 01:59:27.701000+00:00,245.0,1,1740533061-59GXKhAICVW9-1,internal,,,,puffy.com,mobile
ORD-20250226-149,1740429626-KL7CIMnNyHr6,2025-02-26 02:59:56.308000+00:00,2299.0,1,1740429626-KL7CIMnNyHr6-2,direct,,,,,desktop
ORD-20250226-158,1739571234-3McSv47Fx1Qm,2025-02-26 18:05:45.915000+00:00,649.0,1,1739571234-3McSv47Fx1Qm-2,direct,,,,,mobile
ORD-20250226-159,1740541409-iPJ33obXCzai,2025-02-26 03:52:09.073000+00:00,1549.0,1,1740541409-iPJ33obXCzai-1,other_referrer,,,,source-ee658ef2.com,desktop
ORD-20250226-164,1740600774-qJ4-XeHIynU8,2025-02-26 20:23:48.569000+00:00,1728.0,2,1740600774-qJ4-XeHIynU8-1,internal,,,,puffy.com,mobile
ORD-20250226-200,1740593382-b40TBIOREjAO,2025-02-26 18:27:28.555000+00:00,949.0,1,1740593382-b40TBIOREjAO-1,direct,,,,,mobile
ORD-20250226-222,1740538658-TkG9ALpxVv-y,2025-02-26 03:19:19.222000+00:00,1249.0,1,1740538658-TkG9ALpxVv-y-1,direct,,,,,mobile
ORD-20250226-286,1740585094-kQ9i2xMh92Qi,2025-02-26 15:55:38.992000+00:00,1399.0,1,1740585094-kQ9i2xMh92Qi-1,internal,,,,puffy.com,desktop
ORD-20250226-354,1739722963-bM9HXRvhLpzE,2025-02-26 23:59:48.039000+00:00,262.0,1,1739722963-bM9HXRvhLpzE-1,internal,,,,puffy.com,mobile
ORD-20250226-359,1740588030-XKPe3jhWm679,2025-02-26 16:45:41.854000+00:00,349.0,1,1740588030-XKPe3jhWm679-1,direct,,,,,mobile
ORD-20250226-367,1740506140-Tah24D5i44Yq,2025-02-26 01:38:52.614000+00:00,202.0,1,1740506140-Tah24D5i44Yq-2,internal,,,,puffy.com,mobile
ORD-20250226-400,1740609631-vmEtGqJL1NE7,2025-02-26 22:58:36.874000+00:00,1524.0,1,1740609631-vmEtGqJL1NE7-1,internal,,,,puffy.com,mobile
ORD-20250227-121,1740621998-pQoM0ILasRcP,2025-02-27 02:12:49.926000+00:00,245.0,1,1740621998-pQoM0ILasRcP-1,direct,,,,,desktop
ORD-20250227-152,1740610642-nfEg9g1cSmKD,2025-02-27 15:33:17.951000+00:00,1249.0,1,1740610642-nfEg9g1cSmKD-2,internal,,,,puffy.com,mobile
ORD-20250227-184,1740526885-5A-RthRwICoW,2025-02-27 13:55:40.682000+00:00,1449.0,1,1740526885-5A-RthRwICoW-2,internal,,,,puffy.com,desktop
ORD-20250227-192,1740630977-cENzfYjmF5Mp,2025-02-27 04:43:59.628000+00:00,441.0,2,1740630977-cENzfYjmF5Mp-1,direct,,,,,desktop
ORD-20250227-194,1740490652-u8qNtnGdfQWY,2025-02-27 02:49:01.372000+00:00,799.0,1,1740490652-u8qNtnGdfQWY-4,direct,,,,,desktop
ORD-20250227-262,1740693684-3zvHMWBrzepr,2025-02-27 22:11:28.480000+00:00,2599.0,1,1740693684-3zvHMWBrzepr-1,direct,,,,,desktop
ORD-20250227-267,1740638258-21Yc1gq7Q5Vu,2025-02-27 06:55:47.817000+00:00,262.0,1,1740638258-21Yc1gq7Q5Vu-1,direct,,,,,mobile
ORD-20250227-282,1740490652-u8qNtnGdfQWY,2025-02-27 02:37:10.781000+00:00,649.0,1,1740490652-u8qNtnGdfQWY-4,internal,,,,puffy.com,desktop
ORD-20250227-309,1740670999-K1_JtnL7_7vD,2025-02-27 15:53:09.482000+00:00,1577.0,2,1740670999-K1_JtnL7_7vD-1,other_referrer,,,,source-ee658ef2.com,desktop
ORD-20250227-314,1740668179-BpHiz-xV96as,2025-02-27 15:00:58.313000+00:00,0.0,1,1740668179-BpHiz-xV96as-1,direct,,,,,mobile
ORD-20250227-335,1740615747-WHeh_tCsQtDd,2025-02-27 00:27:32.504000+00:00,1324.0,1,1740615747-WHeh_tCsQtDd-1,internal,,,,puffy.com,mobile
ORD-20250227-363,1739878658-VmIawT4Slalv,2025-02-27 17:42:11.044000+00:00,409.0,3,1739878658-VmIawT4Slalv-6,direct,,,,,mobile
ORD-20250227-389,1739320691-_qd89fFOwigp,2025-02-27 20:31:33.839000+00:00,649.0,1,1739320691-_qd89fFOwigp-1,other_referrer,,,,source-ee658ef2.com,mobile
ORD-20250227-404,1739985361-5ocesE28hJ3Z,2025-02-27 06:00:17.359000+00:00,128.0,1,1739985361-5ocesE28hJ3Z-1,internal,,,,puffy.com,desktop
ORD-20250227-440,1740462395-49MBDvvw8EMB,2025-02-27 20:18:19.520000+00:00,2149.0,1,1740462395-49MBDvvw8EMB-1,internal,,,,puffy.com,mobile
ORD-20250227-495,1739878658-VmIawT4Slalv,2025-02-27 17:44:23.803000+00:00,102.0,1,1739878658-VmIawT4Slalv-6,direct,,,,,mobile
ORD-20250227-567,1735611495-J_n2T1HK7vPv,2025-02-27 00:34:23.765000+00:00,1899.0,1,1735611495-J_n2T1HK7vPv-2,internal,,,,puffy.com,mobile
ORD-20250227-704,1740670549-mLuoeHG85XGb,2025-02-27 15:40:05.717000+00:00,262.0,1,1740670549-mLuoeHG85XGb-1,direct,,,,,desktop
ORD-20250227-891,1740617894-H_J5RCtMPqDw,2025-02-27 01:03:37.204000+00:00,179.0,1,1740617894-H_J5RCtMPqDw-1,direct,,,,,mobile
ORD-20250227-913,1740675612-syJ274dlAty2,2025-02-27 17:08:19.424000+00:00,228.0,1,1740675612-syJ274dlAty2-1,direct,,,,,mobile
ORD-20250228-067,1740698008-_7WEw9tKqSlN,2025-02-28 00:01:50.151000+00:00,245.0,1,1740698008-_7WEw9tKqSlN-2,direct,,,,,tablet
ORD-20250228-125,1740706745-i5FCnSeupIMN,2025-02-28 01:48:27.348000+00:00,128.0,1,1740706745-i5FCnSeupIMN-1,direct,,,,,mobile
ORD-20250228-144,1740779214-TerJ1t75-LmH,2025-02-28 22:00:22.087000+00:00,1798.0,1,1740779214-TerJ1t75-LmH-1,internal,,,,puffy.com,desktop
ORD-20250228-150,1736048074-aDVs3Y9A_D_y,2025-02-28 13:55:33.505000+00:00,1449.0,1,1736048074-aDVs3Y9A_D_y-1,internal,,,,puffy.com,desktop
ORD-20250228-155,1740745285-QDn8KpK2bk0K,2025-02-28 12:24:18.055000+00:00,537.0,1,1740745285-QDn8KpK2bk0K-1,direct,,,,,mobile
ORD-20250228-182,1740782390-pXosgji_No6J,2025-02-28 22:47:09.632000+00:00,649.0,1,1740782390-pXosgji_No6J-1,direct,,,,,mobile
ORD-20250228-205,1740748801-BYfnsSqF3vEC,2025-02-28 13:31:06.500000+00:00,2449.0,1,1740748801-BYfnsSqF3vEC-1,internal,,,,puffy.com,mobile
ORD-20250228-252,1740754381-rnBUSKHI9Gch,2025-02-28 15:10:35.825000+00:00,349.0,1,1740754381-rnBUSKHI9Gch-1,direct,,,,,mobile
ORD-20250228-253,1740713499-VJj6RspDKw9n,2025-02-28 03:40:42.731000+00:00,2695.0,5,1740713499-VJj6RspDKw9n-1,direct,,,,,desktop
ORD-20250228-259,1740759808-Ba9JxzYLgSNp,2025-02-28 16:28:33.886000+00:00,1449.0,1,1740759808-Ba9JxzYLgSNp-1,direct,,,,,mobile
ORD-20250228-261,1740775337-VbaIKeXLSFlT,2025-02-28 21:07:52.279000+00:00,1758.0,4,1740775337-VbaIKeXLSFlT-1,other_referrer,,,,source-ee658ef2.com,desktop
ORD-20250228-293,1738979354-oafNfBd0b1z2,2025-02-28 23:33:51.414000+00:00,102.0,1,1738979354-oafNfBd0b1z2-2,direct,,,,,mobile
ORD-20250228-316,1740759472-gvTG1KX2FKwX,2025-02-28 16:59:34.332000+00:00,799.0,1,1740759472-gvTG1KX2FKwX-1,other_referrer,,,,source-ee658ef2.com,mobile
ORD-20250228-318,1738964752-g2l-ElXufGyB,2025-02-28 19:00:44.532000+00:00,0.0,1,1738964752-g2l-ElXufGyB-1,internal,,,,puffy.com,desktop
ORD-20250228-319,1740748127-_-MVAL9cOASK,2025-02-28 13:18:27.200000+00:00,128.0,1,1740748127-_-MVAL9cOASK-1,internal,,,,puffy.com,desktop
ORD-20250228-326,1739661401-YhLQ3Wpa_2yc,2025-02-28 21:34:49.604000+00:00,649.0,1,1739661401-YhLQ3Wpa_2yc-1,direct,,,,,desktop
ORD-20250228-388,1738009852-5QlHRCUAcC8Q,2025-02-28 13:54:26.922000+00:00,2654.0,2,1738009852-5QlHRCUAcC8Q-1,internal,,,,puffy.com,desktop
ORD-20250228-652,1740601365-F_PJluoyOSds,2025-02-28 21:08:10.784000+00:00,499.0,1,1740601365-F_PJluoyOSds-3,internal,,,,puffy.com,desktop
ORD-20250228-926,1740712304-4NR4XpCJLOX_,2025-02-28 03:18:02.720000+00:00,332.0,2,1740712304-4NR4XpCJLOX_-1,internal,,,,puffy.com,desktop
ORD-20250301-109,1740178922-Jjc6iIt31tDe,2025-03-01 14:21:27.643000+00:00,1527.0,2,1740178922-Jjc6iIt31tDe-2,internal,,,,puffy.com,desktop
ORD-20250301-141,1740369480-TyDhYip-VIAZ,2025-03-01 15:48:06.431000+00:00,128.0,1,1740369480-TyDhYip-VIAZ-1,direct,,,,,mobile
ORD-20250301-158,1740797092-DNdkS2c78b2l,2025-03-01 03:26:25.594000+00:00,799.0,1,1740797092-DNdkS2c78b2l-1,other_referrer,,,,source-ee658ef2.com,mobile
ORD-20250301-176,1740869268-M4o_lx0Fe6CS,2025-03-01 22:55:01.346000+00:00,995.0,1,1740869268-M4o_lx0Fe6CS-1,internal,,,,puffy.com,mobile
ORD-20250301-178,1740872929-9Yd3GYLM_LSs,2025-03-01 23:55:12.290000+00:00,1399.0,1,1740872929-9Yd3GYLM_LSs-1,direct,,,,,desktop
ORD-20250301-180,1740804330-s6eb6pejZKvW,2025-03-01 04:55:16.400000+00:00,799.0,1,1740804330-s6eb6pejZKvW-1,other_referrer,,,,source-ee658ef2.com,mobile
ORD-20250301-199,1740804949-19zg4HxHs8nJ,2025-03-01 05:07:55.099000+00:00,262.0,1,1740804949-19zg4HxHs8nJ-1,direct,,,,,desktop
ORD-20250301-223,1739840232-Qa5gyk_Kwh5w,2025-03-01 15:30:26.676000+00:00,2449.0,1,1739840232-Qa5gyk_Kwh5w-2,direct,,,,,desktop
ORD-20250301-229,1737588711-y19MZTLwAlS_,2025-03-01 00:15:22.719000+00:00,349.0,1,1737588711-y19MZTLwAlS_-1,direct,,,,,mobile
ORD-20250301-233,1740796696-0_aTFzHCtICo,2025-03-01 03:00:47.859000+00:00,1249.0,1,1740796696-0_aTFzHCtICo-1,direct,,,,,mobile
ORD-20250301-260,1740667284-F32gz9hh9Rnx,2025-03-01 15:20:25.029000+00:00,228.0,1,1740667284-F32gz9hh9Rnx-2,internal,,,,puffy.com,desktop
ORD-20250301-279,1740769706-3zA2qgRqETXe,2025-03-01 01:26:03.925000+00:00,349.0,1,1740769706-3zA2qgRqETXe-1,internal,,,,puffy.com,mobile
ORD-20250301-282,1740842643-CXc34OXFReMg,2025-03-01 15:30:42.336000+00:00,262.0,1,1740842643-CXc34OXFReMg-1,direct,,,,,mobile
ORD-20250301-289,1740791190-Ao77naCCTRrE,2025-03-01 02:13:10.613000+00:00,799.0,1,1740791190-Ao77naCCTRrE-1,other_referrer,,,,source-ee658ef2.com,desktop
ORD-20250301-292,1740846664-0S7NXvvMULZD,2025-03-01 16:43:25.797000+00:00,1099.0,1,1740846664-0S7NXvvMULZD-1,internal,,,,puffy.com,mobile
ORD-20250301-293,1740849061-SeRQQbvJWtMv,2025-03-01 17:13:47.813000+00:00,349.0,1,1740849061-SeRQQbvJWtMv-1,direct,,,,,mobile
ORD-20250301-341,1740771475-n5FcQ-plWowJ,2025-03-01 02:00:22.754000+00:00,1956.0,3,1740771475-n5FcQ-plWowJ-1,internal,,,,puffy.com,mobile
ORD-20250301-350,1740803155-daNFsOIYXY1c,2025-03-01 04:40:28.595000+00:00,799.0,1,1740803155-daNFsOIYXY1c-1,direct,,,,,desktop
ORD-20250301-355,1740841019-Yww4CLkr1eCr,2025-03-01 15:05:43.742000+00:00,1148.0,1,1740841019-Yww4CLkr1eCr-1,direct,,,,,mobile
ORD-20250301-368,1739840232-Qa5gyk_Kwh5w,2025-03-01 15:40:37.769000+00:00,179.0,1,1739840232-Qa5gyk_Kwh5w-2,direct,,,,,desktop
ORD-20250301-394,1740810559-Q0alwUWa0jP4,2025-03-01 06:36:12.120000+00:00,1399.0,1,1740810559-Q0alwUWa0jP4-1,internal,,,,puffy.com,mobile
ORD-20250301-407,F3AFD77B-87cf-4BBF-b084-011cedfc1da0,2025-03-01 00:30:00.990000+00:00,349.0,1,F3AFD77B-87cf-4BBF-b084-011cedfc1da0-1,direct,,,,,mobile
ORD-20250301-425,1740446367-p2cxMCf-rR9O,2025-03-01 03:50:55.186000+00:00,949.0,1,1740446367-p2cxMCf-rR9O-1,direct,,,,,desktop
ORD-20250301-476,1740690573-skRPmgwUwCwt,2025-03-01 13:01:03.911000+00:00,2449.0,1,1740690573-skRPmgwUwCwt-1,direct,,,,,mobile
ORD-20250301-510,1740797839-x5V7aMkz_UqO,2025-03-01 02:59:44.067000+00:00,649.0,1,1740797839-x5V7aMkz_UqO-1,internal,,,,puffy.com,mobile
ORD-20250301-725,1740849441-me24-pRj7pwU,2025-03-01 18:23:06.982000+00:00,1449.0,1,1740849441-me24-pRj7pwU-2,direct,,,,,desktop
ORD-20250301-742,1740774713-GA3CAYMwty2k,2025-03-01 15:32:19.926000+00:00,3618.0,2,1740774713-GA3CAYMwty2k-2,other_referrer,,,,source-ee658ef2.com,mobile
ORD-20250301-789,1740841026-CiFeqwtPSQTx,2025-03-01 15:12:01.445000+00:00,2599.0,1,1740841026-CiFeqwtPSQTx-1,internal,,,,puffy.com,mobile
ORD-20250302-161,1740708236-ykIKjXLTg3KT,2025-03-02 22:31:58.527000+00:00,799.0,1,1740708236-ykIKjXLTg3KT-4,internal,,,,puffy.com,desktop
ORD-20250302-182,1740882309-xKVuZeG5uy6c,2025-03-02 02:37:01.725000+00:00,204.0,1,1740882309-xKVuZeG5uy6c-1,internal,,,,puffy.com,desktop
ORD-20250302-194,1740924448-bZJfo_EZYmFM,2025-03-02 14:20:01.688000+00:00,1449.0,1,1740924448-bZJfo_EZYmFM-1,other_referrer,,,,source-ee658ef2.com,mobile
ORD-20250302-211,1740944225-vxqRXkZlEgvC,2025-03-02 20:15:00.012000+00:00,1249.0,1,1740944225-vxqRXkZlEgvC-1,direct,,,,,desktop
ORD-20250302-213,1740925007-pQhHifN-MnGu,2025-03-02 14:34:48.214000+00:00,1249.0,1,1740925007-pQhHifN-MnGu-1,direct,,,,,mobile
ORD-20250302-240,1740918610-N3ZpUfN2SBal,2025-03-02 23:10:51.947000+00:00,1249.0,1,1740918610-N3ZpUfN2SBal-1,direct,,,,,mobile
ORD-20250302-251,1740929298-MfI_92p5qzUw,2025-03-02 15:32:22.419000+00:00,999.0,1,1740929298-MfI_92p5qzUw-1,direct,,,,,mobile
ORD-20250302-282,1740747967-lkkoSxf4Zob1,2025-03-02 00:52:09.297000+00:00,1828.0,2,1740747967-lkkoSxf4Zob1-3,direct,,,,,mobile
ORD-20250302-326,1740934344-KuRis4hTYMsg,2025-03-02 17:29:36.474000+00:00,1149.0,1,1740934344-KuRis4hTYMsg-2,direct,,,,,desktop
ORD-20250302-349,1740958672-z6YayaVcrSKv,2025-03-02 23:47:03.932000+00:00,128.0,1,1740958672-z6YayaVcrSKv-1,direct,,,,,mobile
ORD-20250302-358,1740937604-GKovm3Kpolcy,2025-03-02 19:32:09.264000+00:00,1249.0,1,1740937604-GKovm3Kpolcy-2,internal,,,,puffy.com,desktop
ORD-20250302-363,1740945585-rX0cbU2A9KSw,2025-03-02 20:41:24.245000+00:00,1727.0,2,1740945585-rX0cbU2A9KSw-1,direct,,,,,mobile
ORD-20250302-389,1740928323-FPI0_fcHcyma,2025-03-02 15:47:09.383000+00:00,1149.0,1,1740928323-FPI0_fcHcyma-1,other_referrer,,,,source-ee658ef2.com,mobile
ORD-20250302-479,1740950883-QCjvpH5lLjIU,2025-03-02 21:37:56.813000+00:00,2449.0,1,1740950883-QCjvpH5lLjIU-1,other_referrer,,,,source-ee658ef2.com,mobile
ORD-20250302-486,1740882140-jCXPgRUmIHR5,2025-03-02 02:51:27.965000+00:00,1449.0,1,1740882140-jCXPgRUmIHR5-1,other_referrer,,,,source-ee658ef2.com,mobile
ORD-20250302-506,1740942809-rafoCIO0tpZt,2025-03-02 20:03:23.445000+00:00,1399.0,1,1740942809-rafoCIO0tpZt-1,direct,,,,,mobile
ORD-20250302-517,1740882838-MO9uBNwKw_HK,2025-03-02 02:51:57.062000+00:00,649.0,1,1740882838-MO9uBNwKw_HK-1,internal,,,,puffy.com,desktop
ORD-20250302-522,1740868875-rRI65Co-SnHM,2025-03-02 03:49:03.855000+00:00,1399.0,1,1740868875-rRI65Co-SnHM-2,internal,,,,puffy.com,desktop
ORD-20250302-531,1740947035-fPtxAFIRLsWy,2025-03-02 20:27:09.304000+00:00,2298.0,2,1740947035-fPtxAFIRLsWy-1,internal,,,,puffy.com,mobile
ORD-20250302-730,1740875297-1vOZyLWXeVat,2025-03-02 00:42:26.863000+00:00,1449.0,1,1740875297-1vOZyLWXeVat-1,direct,,,,,mobile
ORD-20250302-842,1740935518-twihe9vRzCjQ,2025-03-02 17:16:15.323000+00:00,2599.0,1,1740935518-twihe9vRzCjQ-1,direct,,,,,desktop
ORD-20250302-910,1740947676-ga7nvhhEAswG,2025-03-02 20:37:32.027000+00:00,102.0,1,1740947676-ga7nvhhEAswG-1,direct,,,,,mobile
ORD-20250303-104,1741021323-DdzrVOAJ-YCD,2025-03-03 17:46:02.994000+00:00,2599.0,1,1741021323-DdzrVOAJ-YCD-1,internal,,,,puffy.com,desktop
ORD-20250303-117,1741036142-T6Rgx0sI405n,2025-03-03 21:12:34.614000+00:00,262.0,1,1741036142-T6Rgx0sI405n-1,direct,,,,,mobile
ORD-20250303-149,1741023625-NiG7nk5P6sR_,2025-03-03 17:45:57.924000+00:00,2076.0,4,1741023625-NiG7nk5P6sR_-1,internal,,,,puffy.com,desktop
ORD-20250303-151,1741026970-0uhbiYvphbc9,2025-03-03 19:00:21.648000+00:00,1249.0,1,1741026970-0uhbiYvphbc9-1,direct,,,,,desktop
ORD-20250303-169,1740601498-77wv6FdS7D3S,2025-03-03 16:05:07.463000+00:00,0.0,1,1740601498-77wv6FdS7D3S-2,direct,,,,,mobile
ORD-20250303-171,1741028036-4pDGPo-tgOOl,2025-03-03 23:02:21.905000+00:00,261.8,1,1741028036-4pDGPo-tgOOl-2,other_referrer,,,,source-ee658ef2.com,mobile
ORD-20250303-193,1739654536-l0pMsprdf4K1,2025-03-03 13:45:40.870000+00:00,799.0,1,1739654536-l0pMsprdf4K1-1,direct,,,,,mobile
ORD-20250303-195,1740937758-fQVwhPc0-Igx,2025-03-03 02:29:10.587000+00:00,1449.0,1,1740937758-fQVwhPc0-Igx-2,direct,,,,,mobile
ORD-20250303-280,1740968268--BbqYI1-XB-1,2025-03-03 03:00:16.600000+00:00,999.0,1,1740968268--BbqYI1-XB-1-2,other_referrer,,,,source-ee658ef2.com,mobile
ORD-20250303-311,1735913255-pA-h3CMo96w0,2025-03-03 17:42:24.012000+00:00,1599.0,1,1735913255-pA-h3CMo96w0-1,other_referrer,,,,source-ee658ef2.com,mobile
ORD-20250303-327,1740969251-ASd5nVTToRE5,2025-03-03 03:16:21.362000+00:00,649.0,1,1740969251-ASd5nVTToRE5-1,internal,,,,puffy.com,mobile
ORD-20250303-338,1741015606-qTHcgvPNC4fu,2025-03-03 16:55:26.880000+00:00,1449.0,1,1741015606-qTHcgvPNC4fu-2,direct,,,,,desktop
ORD-20250303-342,1740868620-nf27s-eC89nX,2025-03-03 20:30:33.046000+00:00,262.0,1,1740868620-nf27s-eC89nX-7,internal,,,,puffy.com,mobile
ORD-20250303-351,1737382881-hEun5tD7Ri_v,2025-03-03 14:37:41.183000+00:00,179.0,1,1737382881-hEun5tD7Ri_v-3,direct,,,,,mobile
ORD-20250303-360,1741011764-k3h5YzigIrpz,2025-03-03 22:34:03.978000+00:00,3348.0,2,1741011764-k3h5YzigIrpz-2,internal,,,,puffy.com,mobile
ORD-20250303-375,1741002185-WaQnnF0DAdu8,2025-03-03 11:48:22.308000+00:00,179.0,1,1741002185-WaQnnF0DAdu8-1,internal,,,,puffy.com,desktop
ORD-20250303-390,1740975218-VcVVYf2MdAG0,2025-03-03 04:17:06.583000+00:00,0.0,1,1740975218-VcVVYf2MdAG0-1,direct,,,,,desktop
ORD-20250303-422,1740968483-tXd3WuqvPRUc,2025-03-03 11:35:57.642000+00:00,262.0,1,1740968483-tXd3WuqvPRUc-2,internal,,,,puffy.com,mobile
ORD-20250303-436,1740977742-UEVdNBP3H0Kc,2025-03-03 04:59:25.309000+00:00,262.0,1,1740977742-UEVdNBP3H0Kc-1,direct,,,,,mobile
ORD-20250303-461,1736137782-qnlIPdOzIMIV,2025-03-03 04:24:13.773000+00:00,262.0,1,1736137782-qnlIPdOzIMIV-2,internal,,,,puffy.com,mobile
ORD-20250303-472,1739981017-J2pqbRgl8ICL,2025-03-03 19:08:18.292000+00:00,949.0,1,1739981017-J2pqbRgl8ICL-1,direct,,,,,mobile
ORD-20250303-483,1741007326-WnrlWM9-GVmn,2025-03-03 13:31:00.251000+00:00,262.0,1,1741007326-WnrlWM9-GVmn-1,direct,,,,,desktop
ORD-20250303-491,1740960695-9YSJOqYpuNBg,2025-03-03 01:03:24.054000+00:00,799.0,1,1740960695-9YSJOqYpuNBg-1,other_referrer,,,,source-04805fd4.com,desktop
ORD-20250303-797,1741021395-CFVOBs-1Q7Q3,2025-03-03 17:23:57.966000+00:00,349.0,1,1741021395-CFVOBs-1Q7Q3-1,direct,,,,,desktop
ORD-20250304-130,1741066792-Bn_qfFAN35KC,2025-03-04 18:39:51.296000+00:00,1049.0,1,1741066792-Bn_qfFAN35KC-2,direct,,,,,desktop
ORD-20250304-138,1741095311-qcE4o8mpkeyg,2025-03-04 13:51:47.888000+00:00,65.0,1,1741095311-qcE4o8mpkeyg-1,direct,,,,,mobile
ORD-20250304-181,1740602827-aKQxN3dv47qU,2025-03-04 16:27:19.706000+00:00,422.0,1,1740602827-aKQxN3dv47qU-4,direct,,,,,desktop
ORD-20250304-213,1741053455-_cbIX7zsS0ah,2025-03-04 02:08:16.872000+00:00,245.0,1,1741053455-_cbIX7zsS0ah-1,direct,,,,,mobile
ORD-20250304-267,1741116115-OtP4h3ixNdPg,2025-03-04 19:39:03.504000+00:00,262.0,1,1741116115-OtP4h3ixNdPg-1,direct,,,,,tablet
ORD-20250304-326,1740817250-9tRt33rj2hLw,2025-03-04 03:18:37.344000+00:00,128.0,1,1740817250-9tRt33rj2hLw-1,direct,,,,,mobile
ORD-20250304-352,1741048270-ftQrOu0ixtUu,2025-03-04 01:17:29.087000+00:00,245.0,1,1741048270-ftQrOu0ixtUu-1,direct,,,,,desktop
ORD-20250304-364,1740921106-RPxSPp-y6NIP,2025-03-04 17:27:21.931000+00:00,918.0,2,1740921106-RPxSPp-y6NIP-3,direct,,,,,desktop
ORD-20250304-372,1741061583-1xJY-QaHEHbk,2025-03-04 04:24:07.745000+00:00,999.0,1,1741061583-1xJY-QaHEHbk-1,direct,,,,,mobile
ORD-20250304-382,1741100448-jZtoX5zjpJ4k,2025-03-04 15:07:48.856000+00:00,1349.0,1,1741100448-jZtoX5zjpJ4k-1,direct,,,,,desktop
ORD-20250304-383,1741052190-FG3JWmbHQ2Wf,2025-03-04 03:27:51.672000+00:00,808.0,4,1741052190-FG3JWmbHQ2Wf-3,direct,,,,,desktop
ORD-20250304-387,1741120370-LuC9HR53iysG,2025-03-04 22:41:28.753000+00:00,130.0,3,1741120370-LuC9HR53iysG-2,direct,,,,,mobile
ORD-20250304-399,1740702109-D3IjcJAWXSjK,2025-03-04 23:45:07.717000+00:00,1449.0,1,1740702109-D3IjcJAWXSjK-1,direct,,,,,mobile
ORD-20250304-465,1741039860-g1G5gJM2lnLd,2025-03-04 03:36:38.664000+00:00,262.0,1,1741039860-g1G5gJM2lnLd-2,direct,,,,,desktop
ORD-20250304-556,1739746383-1E2Pdq8Hpsz6,2025-03-04 13:05:23.864000+00:00,0.0,1,1739746383-1E2Pdq8Hpsz6-1,direct,,,,,mobile
ORD-20250304-558,1739975044-l6LWN5WR98MB,2025-03-04 03:14:47.935000+00:00,2249.0,1,1739975044-l6LWN5WR98MB-1,direct,,,,,mobile
ORD-20250304-605,1741089096-oYY-NoWDUo5k,2025-03-04 11:55:44.673000+00:00,0.0,1,1741089096-oYY-NoWDUo5k-1,direct,,,,,desktop
ORD-20250304-851,1741110732-V-6qnYah0LWf,2025-03-04 17:54:26.173000+00:00,1528.0,2,1741110732-V-6qnYah0LWf-1,direct,,,,,mobile
ORD-20250304-973,1741123944-uKQCA6-W8V9j,2025-03-04 21:35:55.792000+00:00,128.0,1,1741123944-uKQCA6-W8V9j-1,direct,,,,,mobile
ORD-20250304-990,1740968189-jtk0rnzzKGzn,2025-03-04 22:52:16.609000+00:00,179.0,1,1740968189-jtk0rnzzKGzn-2,direct,,,,,desktop
ORD-20250305-115,1740697388-qvhB0saUKLRV,2025-03-05 23:49:28.612000+00:00,799.0,1,1740697388-qvhB0saUKLRV-1,direct,,,,,desktop
ORD-20250305-129,1741141222-ofGa31U-mjqX,2025-03-05 02:21:57.616000+00:00,2618.0,2,1741141222-ofGa31U-mjqX-1,direct,,,,,mobile
ORD-20250305-130,1741098656-VLN0zX3eoYUF,2025-03-05 02:18:30.876000+00:00,874.0,1,1741098656-VLN0zX3eoYUF-4,direct,,,,,mobile
ORD-20250305-142,1740869369-oFRfkFb-PgHf,2025-03-05 17:39:40.946000+00:00,4910.0,6,1740869369-oFRfkFb-PgHf-3,direct,,,,,desktop
ORD-20250305-146,1741213600-JDpen8tTcE-t,2025-03-05 22:46:06.728000+00:00,1049.0,1,1741213600-JDpen8tTcE-t-1,direct,,,,,mobile
ORD-20250305-147,1741152868-HqKllnKCd7M7,2025-03-05 05:43:33.275000+00:00,1349.0,1,1741152868-HqKllnKCd7M7-1,direct,,,,,mobile
ORD-20250305-165,1741203820-TXa9VJ0OBvqk,2025-03-05 19:53:00.336000+00:00,899.0,1,1741203820-TXa9VJ0OBvqk-1,direct,,,,,mobile
ORD-20250305-172,1741093942-1TGUKFxFShvW,2025-03-05 04:10:34.853000+00:00,1449.0,1,1741093942-1TGUKFxFShvW-2,direct,,,,,mobile
ORD-20250305-193,1741208600-lCDvZ1WxqfAX,2025-03-05 21:09:52.062000+00:00,178.0,1,1741208600-lCDvZ1WxqfAX-1,direct,,,,,mobile
ORD-20250305-208,1741197755-usppw7h40ArJ,2025-03-05 22:55:44.698000+00:00,128.0,1,1741197755-usppw7h40ArJ-2,direct,,,,,desktop
ORD-20250305-237,1741185478-HelJCsywi7PW,2025-03-05 14:40:28.647000+00:00,245.0,1,1741185478-HelJCsywi7PW-1,direct,,,,,mobile
ORD-20250305-268,1741181676-YWfBbl50F3bT,2025-03-05 13:57:32.221000+00:00,262.0,1,1741181676-YWfBbl50F3bT-1,direct,,,,,desktop
ORD-20250305-313,1741183127-k28N_HAOC7tf,2025-03-05 14:11:48.273000+00:00,228.0,1,1741183127-k28N_HAOC7tf-1,direct,,,,,mobile
ORD-20250305-336,1741204237-HW1IJ7mYazh8,2025-03-05 20:05:41.470000+00:00,799.0,1,1741204237-HW1IJ7mYazh8-1,direct,,,,,mobile
ORD-20250305-351,1740716840-5kNegoAcF2eq,2025-03-05 22:14:39.236000+00:00,204.0,1,1740716840-5kNegoAcF2eq-3,direct,,,,,tablet
ORD-20250305-352,1741139343-TpdzsNTfdkgE,2025-03-05 02:16:22.442000+00:00,3348.0,2,1741139343-TpdzsNTfdkgE-1,direct,,,,,mobile
ORD-20250305-435,1741186814-OMjdBQs4EHsx,2025-03-05 15:04:26.292000+00:00,262.0,1,1741186814-OMjdBQs4EHsx-1,direct,,,,,desktop
ORD-20250305-647,1741027693-ESt426Z1STgk,2025-03-05 19:33:55.403000+00:00,202.0,1,1741027693-ESt426Z1STgk-1,direct,,,,,mobile
ORD-20250305-874,1740356123-1bfvg97pRZDo,2025-03-05 19:31:02.999000+00:00,649.0,1,1740356123-1bfvg97pRZDo-2,direct,,,,,desktop
ORD-20250305-951,1741187503-DP7D2DIdHpK3,2025-03-05 15:46:16.659000+00:00,262.0,1,1741187503-DP7D2DIdHpK3-1,direct,,,,,desktop
ORD-20250306-121,D2F161C8-9a60-478D-a108-9dbfaf4eaf19,2025-03-06 18:03:26.107000+00:00,799.0,1,D2F161C8-9a60-478D-a108-9dbfaf4eaf19-1,direct,,,,,mobile
ORD-20250306-159,1737221798-dp1kMRfVStrp,2025-03-06 00:01:10.942000+00:00,229.0,1,1737221798-dp1kMRfVStrp-6,direct,,,,,mobile
ORD-20250306-163,1741194148-XQxu9ZtU5lDA,2025-03-06 00:47:17.517000+00:00,2299.0,1,1741194148-XQxu9ZtU5lDA-1,direct,,,,,desktop
ORD-20250306-181,1741263345-xa2PpS99CULk,2025-03-06 12:21:25.328000+00:00,1549.0,1,1741263345-xa2PpS99CULk-1,direct,,,,,mobile
ORD-20250306-188,1741293602-WWLxSLTsYbB9,2025-03-06 20:51:01.508000+00:00,1199.0,1,1741293602-WWLxSLTsYbB9-1,direct,,,,,desktop
ORD-20250306-218,1741228930-suvZayBKZIRW,2025-03-06 03:02:14.997000+00:00,1549.0,1,1741228930-suvZayBKZIRW-1,direct,,,,,mobile
ORD-20250306-251,1741246567-x58ev1ceMQqh,2025-03-06 07:40:56.033000+00:00,799.0,1,1741246567-x58ev1ceMQqh-1,direct,,,,,mobile
ORD-20250306-263,1740022230-wVcCreN5emU7,2025-03-06 04:19:40.147000+00:00,0.0,1,1740022230-wVcCreN5emU7-1,direct,,,,,mobile
ORD-20250306-270,1741224557-GKuOSLBC2P1Q,2025-03-06 01:37:13.269000+00:00,1727.0,2,1741224557-GKuOSLBC2P1Q-1,direct,,,,,desktop
ORD-20250306-280,1739042523-0dWy0onVklGz,2025-03-06 10:41:10.416000+00:00,2618.0,2,1739042523-0dWy0onVklGz-4,direct,,,,,mobile
ORD-20250306-285,1741267698-zbcYEzDSLEir,2025-03-06 13:36:53.293000+00:00,899.0,1,1741267698-zbcYEzDSLEir-1,direct,,,,,mobile
ORD-20250306-326,1741237076-LvugJ5SOd1_S,2025-03-06 14:15:39.996000+00:00,1599.0,1,1741237076-LvugJ5SOd1_S-2,direct,,,,,mobile
ORD-20250306-329,1741253258-H4cPyYPdJcCb,2025-03-06 09:31:47.212000+00:00,102.0,1,1741253258-H4cPyYPdJcCb-1,direct,,,,,mobile
ORD-20250306-364,1741287077-2Fu4tAoHh7vn,2025-03-06 20:14:27.762000+00:00,245.0,1,1741287077-2Fu4tAoHh7vn-1,direct,,,,,mobile
ORD-20250306-381,1741281950-CwModd5jD8mp,2025-03-06 18:23:03.914000+00:00,1019.0,1,1741281950-CwModd5jD8mp-1,direct,,,,,tablet
ORD-20250306-408,1741275672-IviYDxtrnbV0,2025-03-06 15:46:06.311000+00:00,320.0,2,1741275672-IviYDxtrnbV0-1,direct,,,,,mobile
ORD-20250306-512,1741285459-G5ArR9CjhHMz,2025-03-06 19:00:46.420000+00:00,799.0,1,1741285459-G5ArR9CjhHMz-1,direct,,,,,desktop
ORD-20250306-561,1741281290-5LSPljVJZT0E,2025-03-06 17:24:25.067000+00:00,999.0,1,1741281290-5LSPljVJZT0E-1,direct,,,,,desktop
ORD-20250306-671,1741216775-PaVP4vM7pnGW,2025-03-06 00:49:44.807000+00:00,2051.0,4,1741216775-PaVP4vM7pnGW-1,direct,,,,,desktop
ORD-20250306-685,1738964752-g2l-ElXufGyB,2025-03-06 20:50:22.674000+00:00,0.0,1,1738964752-g2l-ElXufGyB-2,direct,,,,,desktop
ORD-20250306-735,1741230403-QWnkOshzxJdZ,2025-03-06 03:19:27.450000+00:00,649.0,1,1741230403-QWnkOshzxJdZ-1,direct,,,,,mobile
ORD-20250306-868,1740582276-owXxPAgE001P,2025-03-06 17:10:32.257000+00:00,76.0,1,1740582276-owXxPAgE001P-3,direct,,,,,desktop
ORD-20250306-996,1741248417-Y6KRam-ZfZvN,2025-03-06 08:08:22.105000+00:00,228.0,1,1741248417-Y6KRam-ZfZvN-1,direct,,,,,mobile
ORD-20250307-057,1741368422-QP9oLKX9sIXr,2025-03-07 17:31:27.015000+00:00,128.0,1,1741368422-QP9oLKX9sIXr-1,direct,,,,,desktop
ORD-20250307-196,1741310594-KP5CQHYOhh2b,2025-03-07 01:51:08.312000+00:00,262.0,1,1741310594-KP5CQHYOhh2b-1,direct,,,,,desktop
ORD-20250307-229,1741367456-uz2V75aLolvU,2025-03-07 19:36:08.904000+00:00,262.0,1,1741367456-uz2V75aLolvU-2,direct,,,,,desktop
ORD-20250307-230,1740775651-tVFVjk63xPB2,2025-03-07 18:07:30.823000+00:00,3498.0,2,1740775651-tVFVjk63xPB2-2,direct,,,,,desktop
ORD-20250307-233,1741308098-voN7BK-cYxUu,2025-03-07 00:50:06.448000+00:00,211.0,1,1741308098-voN7BK-cYxUu-1,direct,,,,,desktop
ORD-20250307-237,1741311251-lOK-zPwXThG7,2025-03-07 02:01:24.600000+00:00,799.0,1,1741311251-lOK-zPwXThG7-1,direct,,,,,mobile
ORD-20250307-307,1741376842-9XG7w3-mM2Q0,2025-03-07 19:55:50.151000+00:00,799.0,1,1741376842-9XG7w3-mM2Q0-1,direct,,,,,desktop
ORD-20250307-319,1741387821-nJRBsF1KnQqU,2025-03-07 23:44:26.113000+00:00,3624.0,1,1741387821-nJRBsF1KnQqU-2,direct,,,,,desktop
ORD-20250307-330,1741367210-WCslZF4AF2Eq,2025-03-07 17:44:06.956000+00:00,1599.0,1,1741367210-WCslZF4AF2Eq-1,direct,,,,,mobile
ORD-20250307-344,1739840232-Qa5gyk_Kwh5w,2025-03-07 22:57:58.744000+00:00,262.0,1,1739840232-Qa5gyk_Kwh5w-4,direct,,,,,desktop
ORD-20250307-354,1741325373-_iNjR3SxkjMW,2025-03-07 05:35:50.023000+00:00,179.0,1,1741325373-_iNjR3SxkjMW-1,direct,,,,,mobile
ORD-20250307-380,1741377564-vA50-KV3HByf,2025-03-07 20:07:26.083000+00:00,2249.0,1,1741377564-vA50-KV3HByf-1,direct,,,,,mobile
ORD-20250307-552,1741355127-rrhPsi0UhsYf,2025-03-07 13:54:28.371000+00:00,1599.0,1,1741355127-rrhPsi0UhsYf-1,direct,,,,,mobile
ORD-20250307-592,1741368807-cwG4UXzYpKRX,2025-03-07 17:39:57.030000+00:00,262.0,1,1741368807-cwG4UXzYpKRX-1,direct,,,,,mobile
ORD-20250307-652,1741310460-LmsQ1pcrFFgF,2025-03-07 01:35:42.532000+00:00,1449.0,1,1741310460-LmsQ1pcrFFgF-1,direct,,,,,mobile
ORD-20250307-821,1740246936-TR7HRhn1o2cv,2025-03-07 00:01:52.293000+00:00,1149.0,1,1740246936-TR7HRhn1o2cv-1,direct,,,,,desktop
ORD-20250308-125,1740797092-DNdkS2c78b2l,2025-03-08 17:57:23.610000+00:00,128.0,1,1740797092-DNdkS2c78b2l-4,direct,,,,,mobile
ORD-20250308-137,1740307306-6_9iQAayRmHn,2025-03-08 14:33:36.124000+00:00,1449.0,1,1740307306-6_9iQAayRmHn-3,direct,,,,,mobile
ORD-20250308-149,1741448986-fG-wvR6mt7tX,2025-03-08 16:34:14.414000+00:00,1599.0,1,1741448986-fG-wvR6mt7tX-2,direct,,,,,desktop
ORD-20250308-187,1741454510-4loTNj1AnjHM,2025-03-08 17:32:19.290000+00:00,698.0,1,1741454510-4loTNj1AnjHM-1,direct,,,,,desktop
ORD-20250308-208,1741438403-Q6-Ercm31b9z,2025-03-08 13:10:41.805000+00:00,1349.0,1,1741438403-Q6-Ercm31b9z-1,direct,,,,,desktop
ORD-20250308-219,1741435301-zNy_7FZ_r84B,2025-03-08 12:08:49.648000+00:00,999.0,1,1741435301-zNy_7FZ_r84B-1,direct,,,,,mobile
ORD-20250308-244,1741441969-dKIxbmYzHODr,2025-03-08 14:02:46.046000+00:00,211.0,1,1741441969-dKIxbmYzHODr-1,direct,,,,,mobile
ORD-20250308-252,1740866022-ASLBAmfQjb0l,2025-03-08 18:20:33.853000+00:00,128.0,1,1740866022-ASLBAmfQjb0l-3,direct,,,,,mobile
ORD-20250308-273,1741476677-Mum3kubLr6NE,2025-03-08 23:39:20.655000+00:00,1535.0,2,1741476677-Mum3kubLr6NE-1,direct,,,,,desktop
ORD-20250308-279,1741459212-7VigmERfpOHe,2025-03-08 19:30:13.073000+00:00,2449.0,1,1741459212-7VigmERfpOHe-1,direct,,,,,mobile
ORD-20250308-307,1738717293-A8SGrDCUzoxx,2025-03-08 23:25:23.260000+00:00,1049.0,1,1738717293-A8SGrDCUzoxx-4,direct,,,,,mobile
ORD-20250308-323,1741392082-sVV7LZIyabRK,2025-03-08 00:08:02.442000+00:00,102.0,1,1741392082-sVV7LZIyabRK-1,direct,,,,,mobile
ORD-20250308-371,1741184510-TPWYDMdeSjxm,2025-03-08 11:34:03.289000+00:00,1099.0,1,1741184510-TPWYDMdeSjxm-1,direct,,,,,mobile
ORD-20250308-389,1739721571-5zHR-SPEGkZr,2025-03-08 23:16:08.807000+00:00,349.0,1,1739721571-5zHR-SPEGkZr-4,direct,,,,,mobile
ORD-20250308-402,1741454243-yr3GTRrmVmE1,2025-03-08 17:21:03.235000+00:00,999.0,1,1741454243-yr3GTRrmVmE1-1,direct,,,,,desktop
ORD-20250308-431,1741470471-eyllBy3aK2u8,2025-03-08 21:53:00.354000+00:00,2299.0,1,1741470471-eyllBy3aK2u8-1,direct,,,,,mobile
ORD-20250308-435,1739118999-f2iFqbh8JCVu,2025-03-08 03:47:16.745000+00:00,2648.0,1,1739118999-f2iFqbh8JCVu-2,direct,,,,,desktop
ORD-20250308-450,1741313717-XoA7tCkAvrQ-,2025-03-08 18:28:05.103000+00:00,1249.0,1,1741313717-XoA7tCkAvrQ--5,direct,,,,,tablet
ORD-20250308-486,1741418003-ceRfMXA_Ram6,2025-03-08 07:17:01.920000+00:00,548.0,3,1741418003-ceRfMXA_Ram6-1,direct,,,,,mobile
ORD-20250308-832,1741464828-PaJF0mvljpvm,2025-03-08 20:20:16.892000+00:00,1349.0,1,1741464828-PaJF0mvljpvm-1,direct,,,,,desktop
ORD-20250308-957,80529520-9307-4360-b49b-c8934e49835a,2025-03-08 17:24:12.362000+00:00,649.0,1,80529520-9307-4360-b49b-c8934e49835a-1,direct,,,,,mobile
